{
  "bookname": "Onestop-tumikiban",
  "booktitle": "積み基板を作らないための電子工作入門",
  "aut": [],
  "language": "ja",
  "toc": true,
  "rights": "(C) 2021　親方Project",
  "colophon": true,
  "history": [["2021-12-31 電子版　初版"]],
  "pbl": "親方Project",
  "edt": "親方Project　@oyakata2438",
  "date": "2021-12-31",
  "secnolevel": 3,
  "titlepage": true,
  "review_version": 3.0,
  "texstyle": ["reviewmacro"],
  "texdocumentclass": [
    "review-jsbook",
    "media=ebook,paper=b5,serial_pagination=true,hiddenfolio=nikko-pc,openany,fontsize=10pt,baselineskip=15.4pt,line_length=44zw,number_of_lines=40,head_space=18mm,headsep=3mm,headheight=5mm,footskip=10mm"
  ],
  "sty_templates": {
    "url": "https://github.com/TechBooster/ReVIEW-Template/archive/2cde584d33e8a6f5e6cf647e62fb6b3123ce4dfa.zip",
    "dir": "ReVIEW-Template-2cde584d33e8a6f5e6cf647e62fb6b3123ce4dfa/articles/sty/"
  },
  "templates": ["images"],
  "catalog": {
    "PREDEF": ["preface.re"],
    "CHAPS": [
      "chap-oyakata-why.md",
      "chap-ohsawa0515.md",
      "chap-counter-for-why.md",
      "chap-oyakata-technicalproblem.md",
      "chap-tools.md",
      "chap-knowledge.md",
      "chap-compatibility.md",
      "chap-powersupply.md",
      "chap-kiban.md",
      "chap-continuous-output.md",
      "chap-kitazaki1.md",
      "Recipe-IoTCatFoodDispenser.md",
      "chap-smart-phone.md",
      "chap-hiyoko.md",
      "chap-mofu.md",
      "chap-erukiti.md",
      "chap-newboard.md",
      "chap-kitazaki2.re",
      "crossreview.md"
    ],
    "POSTDEF": ["contributors.re", "postscript.re"]
  }
}
